email;firstname;lastname
null-gustafsson@echocat.org;Karl;Gustafsson
null-lieblich@echocat.org;Werner;Lieblich
null-rabe@echocat.org;Harald;Rabe
null-walter@echocat.org;Paul;Walter
null-mueller@echocat.org;Max;Müller
null-ferdinand@echocat.org;Franz;Ferdinand
rohit@rohit.com;Rohit;Gangwar
rohit@rohit.com;Rohit;Gangwar
rohit@rohit.com;Rohit;Gangwar
rohit@dsa.sad;dasd;sada
rahul@rahul.com;Rahul;Gangwar
